{
  "metadata": {
    "git_commit": "d77e5b9ca5815efc57942e283aa49c6302dd3578",
    "git_dirty": false,
    "system": {
      "os": "Darwin",
      "arch": "arm64",
      "processor": "arm",
      "python_version": "3.14.4"
    },
    "timestamp": "2026-07-16T00:13:20Z"
  },
  "artifacts": {
    "binary_size_bytes": 24816064,
    "model_size_bytes": 102583340,
    "total_bundle_size_bytes": 127399404
  },
  "performance": {
    "host": {
      "schema": 1,
      "model_sha256": "af16a04a6ec48ac494065d4439fe9dea590d337b9ca6dc328160ccf04a217b9c",
      "input": {
        "width": 224,
        "height": 224,
        "channels": 3
      },
      "top1_index": 258,
      "top1_probability": 0.947176,
      "startup_ms": 317.904,
      "inference_ms": {
        "iterations": 100,
        "min": 12.66,
        "median": 13.137,
        "p95": 15.817
      },
      "latencies_ms": [
        12.660209,
        12.749917,
        12.810833,
        12.813583999999999,
        12.816374999999999,
        12.84425,
        12.854125,
        12.857584,
        12.87925,
        12.88125,
        12.895292,
        12.911292,
        12.914541999999999,
        12.922875000000001,
        12.923499999999999,
        12.937417,
        12.940292000000001,
        12.943584,
        12.947000000000001,
        12.953875,
        12.9565,
        12.959708000000001,
        12.965542,
        12.970333,
        12.972,
        12.981166,
        13.000959,
        13.004958,
        13.008916000000001,
        13.009082999999999,
        13.020458,
        13.020624999999999,
        13.021125,
        13.021292,
        13.029291,
        13.03275,
        13.036709,
        13.041709,
        13.051459,
        13.05475,
        13.055041,
        13.058958,
        13.064083,
        13.07525,
        13.097249999999999,
        13.099333,
        13.108042000000001,
        13.117125,
        13.1205,
        13.136291,
        13.137791,
        13.143583,
        13.146833,
        13.155333,
        13.156374999999999,
        13.180000000000001,
        13.180959000000001,
        13.182166,
        13.194583,
        13.20375,
        13.228375,
        13.231542000000001,
        13.267625,
        13.36725,
        13.377291,
        13.393375,
        13.399792000000001,
        13.400416,
        13.403500000000001,
        13.423333000000001,
        13.427458999999999,
        13.427709,
        13.449958,
        13.462833999999999,
        13.475708,
        13.492083000000001,
        13.501208,
        13.570416,
        13.631124999999999,
        13.693833000000001,
        13.7355,
        13.793292000000001,
        13.8295,
        13.9835,
        14.136833,
        14.163791999999999,
        14.258042,
        14.287332999999999,
        14.786333,
        14.85225,
        15.123583,
        15.240542,
        15.735916999999999,
        15.750625000000001,
        15.813958999999999,
        15.878916,
        16.025791,
        16.869875,
        24.416875,
        28.046042
      ]
    },
    "peak_rss_bytes": 391593984,
    "reference_python": {
      "top1_class": 258,
      "top1_probability": 0.947464,
      "duration_ms": 314.21804428100586,
      "stdout": "top-1 class : 258\nprobability : 0.947464\nlogits sum : 0.097046\nprobs sum : 1.000000\n\nTop 5 predictions:\n  1. Class 258 (unknown): logit=14.7370, prob=0.947464\n  2. Class 259 (unknown): logit=10.8944, prob=0.020312\n  3. Class 270 (unknown): logit=10.3581, prob=0.011881\n  4. Class 261 (unknown): logit=9.1684, prob=0.003615\n  5. Class 279 (unknown): logit=9.1454, prob=0.003533"
    }
  }
}