{
  "metadata": {
    "git_commit": "c1b32f9975a7a1bbfc093e44bbf35c49f32aeb36",
    "git_dirty": true,
    "system": {
      "os": "Darwin",
      "arch": "arm64",
      "processor": "arm",
      "python_version": "3.14.4"
    },
    "timestamp": "2026-07-15T23:58:17Z"
  },
  "artifacts": {
    "binary_size_bytes": 24816064,
    "model_size_bytes": 102583340,
    "total_bundle_size_bytes": 127399404
  },
  "performance": {
    "host": {
      "schema": 1,
      "model_sha256": "af16a04a6ec48ac494065d4439fe9dea590d337b9ca6dc328160ccf04a217b9c",
      "input": {
        "width": 224,
        "height": 224,
        "channels": 3
      },
      "top1_index": 258,
      "top1_probability": 0.947176,
      "startup_ms": 304.61,
      "inference_ms": {
        "iterations": 100,
        "min": 12.674,
        "median": 13.479,
        "p95": 19.18
      },
      "latencies_ms": [
        12.674334,
        12.696042,
        12.76225,
        12.784916,
        12.8155,
        12.862749999999998,
        12.891625,
        12.915417,
        12.919458,
        12.935625,
        12.94,
        12.950959,
        12.961708,
        12.974833,
        12.992958,
        13.004583,
        13.046959000000001,
        13.050832999999999,
        13.062959000000001,
        13.068625,
        13.076125,
        13.077708000000001,
        13.078416,
        13.085332999999999,
        13.102584,
        13.110792,
        13.130542,
        13.131,
        13.169333,
        13.169875,
        13.172209,
        13.184041,
        13.193833999999999,
        13.194,
        13.211832999999999,
        13.226792,
        13.227333000000002,
        13.302792,
        13.303125000000001,
        13.303125000000001,
        13.3185,
        13.319416,
        13.321708,
        13.334666,
        13.345459,
        13.368875000000001,
        13.404708,
        13.419959,
        13.460875000000001,
        13.468959000000002,
        13.49,
        13.500209000000002,
        13.5155,
        13.532875,
        13.55575,
        13.568083,
        13.588208,
        13.598291999999999,
        13.609375,
        13.628833,
        13.678459,
        13.685667,
        13.750167000000001,
        13.794125000000001,
        13.811375,
        13.812125,
        13.812292000000001,
        13.818624999999999,
        13.862124999999999,
        13.879333,
        13.880334,
        13.906208999999999,
        14.004292,
        14.007916999999999,
        14.021208,
        14.042666,
        14.081,
        14.170166,
        14.210916000000001,
        14.241541,
        14.246167,
        14.385458999999999,
        14.394292,
        14.408208,
        14.515083,
        14.578292,
        14.739375,
        14.757458,
        14.9595,
        15.001791,
        15.076792000000001,
        15.1515,
        15.195749999999999,
        18.797,
        19.061708,
        21.433875,
        21.541917,
        22.178458000000003,
        34.040875,
        45.616292
      ]
    },
    "peak_rss_bytes": 392167424,
    "reference_python": {
      "top1_class": 258,
      "top1_probability": 0.947464,
      "duration_ms": 298.6302375793457,
      "stdout": "top-1 class : 258\nprobability : 0.947464\nlogits sum : 0.097046\nprobs sum : 1.000000\n\nTop 5 predictions:\n  1. Class 258 (unknown): logit=14.7370, prob=0.947464\n  2. Class 259 (unknown): logit=10.8944, prob=0.020312\n  3. Class 270 (unknown): logit=10.3581, prob=0.011881\n  4. Class 261 (unknown): logit=9.1684, prob=0.003615\n  5. Class 279 (unknown): logit=9.1454, prob=0.003533"
    }
  }
}