{
  "metadata": {
    "git_commit": "2d1645e19f24e637172e9fae9b3ad6bc3d089fc7",
    "git_dirty": true,
    "system": {
      "os": "Darwin",
      "arch": "arm64",
      "processor": "arm",
      "python_version": "3.14.4"
    },
    "timestamp": "2026-07-16T00:08:46Z"
  },
  "artifacts": {
    "binary_size_bytes": 24816064,
    "model_size_bytes": 102583340,
    "total_bundle_size_bytes": 127399404
  },
  "performance": {
    "host": {
      "schema": 1,
      "model_sha256": "af16a04a6ec48ac494065d4439fe9dea590d337b9ca6dc328160ccf04a217b9c",
      "input": {
        "width": 224,
        "height": 224,
        "channels": 3
      },
      "top1_index": 258,
      "top1_probability": 0.947176,
      "startup_ms": 307.85,
      "inference_ms": {
        "iterations": 100,
        "min": 12.717,
        "median": 13.079,
        "p95": 14.633
      },
      "latencies_ms": [
        12.717333,
        12.743834000000001,
        12.771666,
        12.786041999999998,
        12.799792,
        12.803208999999999,
        12.838000000000001,
        12.851292,
        12.862541,
        12.868457999999999,
        12.869874999999999,
        12.889083000000001,
        12.894791,
        12.894917000000001,
        12.899334,
        12.9,
        12.900083,
        12.900291,
        12.901,
        12.907333999999999,
        12.908709,
        12.927792,
        12.935500000000001,
        12.93775,
        12.947375000000001,
        12.953709,
        12.959584,
        12.959750000000001,
        12.961333,
        12.965292,
        12.965709,
        12.968416999999999,
        12.971125,
        12.973749999999999,
        12.982542,
        12.983167,
        12.98425,
        12.995916999999999,
        12.996458,
        12.997,
        12.9975,
        13.002583999999999,
        13.012457999999999,
        13.014042,
        13.021541,
        13.030292000000001,
        13.037375,
        13.050832999999999,
        13.053542,
        13.071833,
        13.086333999999999,
        13.100292,
        13.109459000000001,
        13.109625,
        13.119,
        13.121832999999999,
        13.122834,
        13.13375,
        13.145166,
        13.14925,
        13.153458,
        13.173583,
        13.176209,
        13.176749999999998,
        13.18225,
        13.184833,
        13.217708,
        13.225208,
        13.299292000000001,
        13.315125,
        13.324417,
        13.331125,
        13.382541,
        13.408292000000001,
        13.440958,
        13.49675,
        13.499584,
        13.502459,
        13.544,
        13.553792,
        13.57425,
        13.579458,
        13.582,
        13.596957999999999,
        13.677125,
        13.711041999999999,
        13.757292000000001,
        13.781542,
        13.790958000000002,
        13.871125,
        13.988541,
        14.099584,
        14.113792,
        14.144416,
        14.626166,
        14.753125,
        15.261417,
        15.593667,
        16.509958,
        16.711667
      ]
    },
    "peak_rss_bytes": 387186688,
    "reference_python": {
      "top1_class": 258,
      "top1_probability": 0.947464,
      "duration_ms": 297.3980903625488,
      "stdout": "top-1 class : 258\nprobability : 0.947464\nlogits sum : 0.097046\nprobs sum : 1.000000\n\nTop 5 predictions:\n  1. Class 258 (unknown): logit=14.7370, prob=0.947464\n  2. Class 259 (unknown): logit=10.8944, prob=0.020312\n  3. Class 270 (unknown): logit=10.3581, prob=0.011881\n  4. Class 261 (unknown): logit=9.1684, prob=0.003615\n  5. Class 279 (unknown): logit=9.1454, prob=0.003533"
    }
  }
}